Artist,Title,CurrentRank,PeakRank,PeakDate,DaysSeen,PrevWeekPeak
SIENNA SPIRO,Great Expectation,1,1,2026-10-03,7,1
Imael Angel,BAD TIMES,2,2,2026-10-03,7,2
Imael Angel,BAD TIMES (Long Version),23,3,2026-10-03,7,
"KAROL G, Judeline & rusowsky",BbY WOW,3,3,2026-10-04,7,6
Ofek Adanek,נתתי לך בית,4,4,2026-10-03,7,3
Odeya,פאפית,8,5,2026-10-03,7,4
Roei Adam,אבי הטחול,5,5,2026-10-06,7,7
Tame Impala,Loser,6,6,2026-10-09,7,15
Ankara Echoes,Beni Al (Ta Ki Seni Görene Kadar) [Afro House Remix],7,7,2026-10-06,7,8
Osher Cohen,דאון,9,8,2026-10-06,7,9
Hateomim,אם לא את,12,9,2026-10-07,7,10
"Marwan Pablo, Lege-Cy & HatemBas",Shoft Kalam,10,9,2026-10-08,7,18
Mika Moshe,מזל שאתה פה,11,10,2026-10-03,7,7
Dave & Tems,Raindance,17,12,2026-10-08,7,36
Zusha,Don’t Leave Me On My Own,18,12,2026-10-04,7,10
Bar Tzabari,ילדה מטורפת,13,13,2026-10-03,7,12
HUGEL & SOLTO (FR),Jamaican (Bam Bam),14,13,2026-10-08,7,16
GENER8ION & Yung Lean,STORM II,22,15,2026-10-05,7,22
Quavo & Takeoff,HOTEL LOBBY (Unc & Phew) [- A COLORS SHOW],51,15,2026-10-03,7,
Íñigo Quintero,Si No Estás,15,15,2026-10-09,3,
Pixel & Space Cat,Clear Test Signal (Artifex Remix Nova Tribute),16,16,2026-10-09,4,
"HUGEL, Imael Angel & Ultra Naté",Movin' To The Sun,21,18,2026-10-07,7,17
Roei Adam,קילומטר קדימה,19,18,2026-10-08,7,13
Dudu Tassa & גלגלצ,בית ביפו (Mita Gami & Darco Remix (מיוחד למצעד השנתי תשפ״ו)),59,19,2026-10-03,7,21
Prince & The Revolution,Purple Rain,20,19,2026-10-06,7,16
Temper City,Self Aware,30,19,2026-10-05,7,24
Wxoda,Vibin,28,22,2026-10-04,7,13
BLOK3,Sebebi Yar,25,24,2026-10-06,7,23
Osher Cohen,תרקדי (7.10.23),24,24,2026-10-09,4,
Eviatar Banai,פעימת לב,34,25,2026-10-03,7,24
Agam Buhbut,חמישי,80,26,2026-10-03,7,25
Dua Lipa,Training Season (Live from the Royal Albert Hall),26,26,2026-10-07,7,20
ADÉLA,Nicole Kidman,27,27,2026-10-09,7,42
Nadav Hanzis & Ofek Adanek,כבר לא שמח,33,27,2026-10-07,7,28
Stilla & Ness,מונולוג,40,27,2026-10-03,7,21
Mazzy Star,Fade into You,29,29,2026-10-08,7,74
Eden Ben Zaken & Sasson Efram Shaulov,מחול,31,30,2026-10-07,7,30
עילי בוטנר והלהקה & Elai Botner,עד שאת לא חוזרת,120,30,2026-10-04,7,31
Bronski Beat,Smalltown Boy,32,32,2026-10-07,7,21
"Full Trunk, Liad Meir & גלגלצ","אין מילים איתך (מיוחד למצעד הישראלי השנתי תשפו)""",129,33,2026-10-03,7,23
Noa Kirel,לאב סונג,58,33,2026-10-04,7,29
Steve Lacy,oh yeah?,63,33,2026-10-06,7,33
Miyagi & Эндшпиль,I Got Love (feat. Рем Дигга),37,34,2026-10-06,7,35
DJ NARODNII,Ты моя...,35,35,2026-10-09,6,
"Noam Bettan, Agam Buhbut & גלגלצ",מדאם + המבט בעיניך,36,35,2026-10-07,7,41
KATSEYE,Animal,132,37,2026-10-03,7,38
"Itay Levy, Mor & כאן גימל","ילדה מטורפת (מיוחד למצעד השנתי תשפו)""",55,38,2026-10-03,7,37
Rafael,Gotta Be Cool (Extended),45,38,2026-10-07,7,51
Stromae,Alors on danse (feat. Erik Hassle),39,38,2026-10-08,7,69
The Idan Raichel Project & Roni Daloomi,תחזור,38,38,2026-10-09,4,
&ME & Black Coffee,The Rapture Pt. III,53,39,2026-10-06,7,45
"Eden Hason, Ofek Adanek & Agam Buhbut",איך שהיא רוקדת,43,39,2026-10-04,7,40
The Avihu Pinhasov Rhythm Club,משום,41,41,2026-10-08,7,33
P!nk,Just Give Me a Reason (feat. Nate Ruess),42,42,2026-10-09,7,49
Akcent,Stay with Me,142,44,2026-10-03,7,33
Empire Of The Sun,We Are The People,44,44,2026-10-09,7,44
Shuli Rand & Jimbo J,"מפרש לבן / לב לבן (feat. גלגלצ) [מיוחד למצעד הישראלי השנתי תשפו]""",131,44,2026-10-04,7,35
Ella Langley,Choosin' Texas,74,45,2026-10-04,7,43
Peer Tasi,אחרי הנצח (Live),46,46,2026-10-09,4,
Peer Tasi & Hanan Ben Ari,הלוואי,47,46,2026-10-05,7,38
Green Nuns Of The Revolution,Conflict,48,48,2026-10-09,5,
Mor,לא קונה אותי,66,48,2026-10-05,7,59
Quindon Tarver,Everybody's Free (To Wear Sunscreen),49,49,2026-10-09,1,
Efrat Gosh,לראות את האור,50,50,2026-10-09,2,
Osher Cohen,כולם גנבים,94,50,2026-10-03,7,52
Young Buta,שחור לבן,62,50,2026-10-06,7,66
"Bipolar Sunshine, Nariman & Hardt Antoine",Stay,163,51,2026-10-03,7,53
Harry Styles,Sign of the Times,52,52,2026-10-09,7,69
Liad Meir & Ofek Adanek,יוצאת מן הכלל,86,52,2026-10-03,7,55
Jah Vinci,Love Give Me Wings,OUT,53,2026-10-03,2,53
SIENNA SPIRO,Die On This Hill,60,53,2026-10-07,7,113
Adele,Lovesong,57,54,2026-10-08,7,48
Eden Golan & ShrekDiMC,סטארבקס,OUT,54,2026-10-03,5,49
Hanan Ben Ari,שבורי לב,54,54,2026-10-09,2,
Keane,Somewhere Only We Know,68,55,2026-10-07,7,156
Sapir Saban,נהיה בסדר,OUT,55,2026-10-03,6,18
Ella Langley,Be Her,106,56,2026-10-04,6,73
nissi & 25Hzz,Wyw My Sweetie #Jerseyclub (Super Slowed),56,56,2026-10-09,5,
Lord Huron,The Night We Met,88,57,2026-10-06,7,148
Sting,Shape Of My Heart,61,57,2026-10-07,7,93
Shay Hamber,הכל וכלום בבת אחת,69,58,2026-10-07,7,65
Yehudit Ravitz & Gidi Gov,באה מאהבה (feat. גידי גוב),81,59,2026-10-03,7,79
Lady Gaga & Bruno Mars,Die With A Smile,72,60,2026-10-07,7,110
Benaia Barabi,לילה טוב,79,62,2026-10-05,7,49
Meir Banai & Eviatar Banai,אבל את,67,62,2026-10-06,7,54
AURORA,Runaway,110,63,2026-10-04,7,56
Mauvais Djo,Pilé (Gospel),92,63,2026-10-03,7,60
Kimo Sounds,Make It Spectacular,64,64,2026-10-09,7,102
Ofer Levi,מאוהב בגשם,141,64,2026-10-03,7,80
First Aid Kit,Fireworks,97,65,2026-10-07,5,
הגר יפת,אתה חי בחלום,65,65,2026-10-09,7,169
Bad Bunny,NUEVAYoL,OUT,66,2026-10-03,6,65
Chris Isaak,Wicked Game,71,66,2026-10-08,7,51
"DJ Goja, Jason Derulo & Melody",Mi Chico (Jason Derulo x Melody Version),108,66,2026-10-05,7,54
"Bezalel Shamir, Dj Maoriko & Yosef Haim Shelasmahot",סוכות 2026,OUT,68,2026-10-03,4,64
Alex Warren,Ordinary,77,69,2026-10-07,6,100
DA TI,Take Me There,70,70,2026-10-09,7,57
Itay Levy,06,82,70,2026-10-04,7,95
Ben Zur,שבורה מגעגוע,OUT,71,2026-10-04,3,77
Darco,Baziman (Mixed),166,72,2026-10-04,7,75
Ravyn Lenae,Love Me Not,104,72,2026-10-05,7,74
"Elai Botner, גלגלצ & עדן גולן",מה היינו בחיינו,73,73,2026-10-08,2,
Ricchi & Poveri,Sarà Perché Ti Amo,115,74,2026-10-03,7,65
Robert Miles,Children,OUT,74,2026-10-07,5,82
Haiti Babii,Distractions,OUT,75,2026-10-03,5,55
וייב איש,לאן,75,75,2026-10-09,2,
El De Las R's,Beretta (De Los Cerros La Escuela),76,76,2026-10-09,7,112
Adar Gold,שיבולים,78,78,2026-10-09,3,
DYSTINCT,YAMA,119,79,2026-10-03,7,72
Kimo Sounds,Rise Slow,85,79,2026-10-07,7,90
Full Trunk & Ninet Tayeb,נגנב ממך,OUT,80,2026-10-03,6,88
Drake & Don Toliver,Solar Eclipse,93,81,2026-10-04,6,
Eyal Golan,בודד בעיר הגדולה,107,81,2026-10-03,7,52
Yard Act,You're Gonna Need A Little Music,148,81,2026-10-05,7,97
Yishay Swissa,בוא תגיד שלום,OUT,82,2026-10-03,4,81
Bar Tzabari & Shuli Rand,המלך בשדה,156,83,2026-10-03,7,43
CRUZFILMSRD,EL VACILON DE BULIN,83,83,2026-10-09,1,
Toto,Africa,169,83,2026-10-05,7,139
Michael Kiwanuka,Cold Little Heart,84,84,2026-10-09,7,74
Mika Moshe,ונאהב (feat. נועם בתן),OUT,84,2026-10-06,5,126
Taylor Swift,The Fate of Ophelia,187,84,2026-10-03,6,81
MoBlack & Salif Keïta,"Yamore (feat. Cesária Evora, Benja (NL) & Franc Fala)",OUT,85,2026-10-03,2,85
Odeya & Ben Zur,ואני בחסדך בטחתי,178,85,2026-10-05,7,52
Peer Tasi,אחרי הנצח,90,85,2026-10-08,2,
Ma'ayan Shaked & David Ben Basat,שיר געגוע,89,87,2026-10-06,7,198
Voskresenskii,Франсе,87,87,2026-10-09,3,
Akiva,צעדים,OUT,88,2026-10-03,1,90
JAŸ-Z,03' Bonnie & Clyde (feat. Beyoncé Knowles),OUT,89,2026-10-05,5,96
SIENNA SPIRO,Pure,198,89,2026-10-03,7,91
Eden Ben Zaken,פיסה מזכרוני,170,90,2026-10-07,5,
урал гайсин & снялцепи,ты в моих мыслях навсегда,140,90,2026-10-03,7,94
The Chainsmokers,Don't Let Me Down (feat. Daya),91,91,2026-10-09,6,
Rotem Shafran,לחפש אותי באחרים,OUT,92,2026-10-04,4,57
Roei Adam,אהבת חיי,103,93,2026-10-05,7,104
TLC,No Scrubs,OUT,93,2026-10-03,5,55
Benson Boone,Beautiful Things,98,95,2026-10-08,5,92
עילי בוטנר והלהקה & Elai Botner,חג המשק,95,95,2026-10-09,2,
Full Trunk,אין מילים איתך,96,96,2026-10-09,5,
George Michael,Careless Whisper,OUT,96,2026-10-05,5,105
Miri Mesika & גלגלצ,עוף מוזר (מתוך המצעד הישראלי השנתי תשפ''ו),160,97,2026-10-08,7,66
DJ.ILHAM & DJ Miro,DIGIDI DIGIDI,101,98,2026-10-07,7,101
Dyce,UP DOWN,OUT,98,2026-10-03,2,103
Aventura,Obsesión,99,99,2026-10-09,3,
Lola Young,Messy,OUT,99,2026-10-03,4,61
Coldplay,Hymn for the Weekend,200,100,2026-10-03,7,92
Fontaines D.C.,Starburster,100,100,2026-10-09,7,151
Moshe Perez & Maor Buzaglo,Bali,OUT,100,2026-10-05,4,
Disturbed,The Sound of Silence,111,101,2026-10-06,4,
Mac Miller,Cinderella (feat. Ty Dolla $ign),124,101,2026-10-05,7,85
sombr,12 to 12,161,101,2026-10-03,6,
Charly Black,Gyal You a Party Animal,102,102,2026-10-09,2,153
Jaman T,Будь моей,177,103,2026-10-06,7,76
The Goo Goo Dolls,Iris,113,103,2026-10-08,5,192
PVT,Kangaroo,OUT,104,2026-10-07,4,
Lana Del Rey,Cinnamon Girl,105,105,2026-10-09,7,149
Snow Patrol,Chasing Cars,114,105,2026-10-07,4,
ANOTR & 54 Ultra,Talk To You (ft. 54 Ultra),159,106,2026-10-03,7,96
R.E.M.,Everybody Hurts,109,106,2026-10-08,2,
Bryan Adams,Heaven,147,107,2026-10-07,4,126
Rising Dust,Blow,OUT,107,2026-10-05,5,
Scorpions,Wind of Change,196,108,2026-10-08,7,179
Stephen Wilson Jr.,Stand By Me (Live at The Print Shop),OUT,108,2026-10-03,3,101
Sascha Funke,MZ,OUT,109,2026-10-04,2,119
Bee Gees,How Deep Is Your Love,175,110,2026-10-07,5,166
Rauf & Faik,Детство,135,110,2026-10-06,7,116
Akiva,ניגון ברדיצ'ב/ התבודדות,112,112,2026-10-09,3,
Don Miguelo,Y Qué Fue?,189,112,2026-10-03,7,111
ROSALÍA & Yahritza Y Su Esencia,La Perla,OUT,112,2026-10-04,2,100
Desireless,Voyage voyage,OUT,113,2026-10-05,6,151
Mor,תאהב אותי ככה,OUT,113,2026-10-04,6,128
Chris Norman & Suzi Quatro,Stumblin' In,OUT,114,2026-10-05,5,77
Oasis,Wonderwall,OUT,115,2026-10-05,6,121
Shakira & Burna Boy,Dai Dai,OUT,115,2026-10-04,4,89
Christina Perri,A Thousand Years,134,116,2026-10-05,5,111
Faouzia,UNETHICAL,143,116,2026-10-06,7,173
Jasmin Moallem,יחפים,116,116,2026-10-09,4,
Olivia Dean,So Easy (To Fall In Love),OUT,116,2026-10-04,4,127
Gigi Perez,Sailor Song,117,117,2026-10-09,7,64
Bad Bunny,DtMF,OUT,118,2026-10-05,5,189
Foreigner,I Want To Know What Love Is (Remastered),OUT,118,2026-10-03,3,98
Oasis,Stop Crying Your Heart Out,118,118,2026-10-09,2,
Dire Straits,Sultans of Swing,171,119,2026-10-04,6,139
SABI & MIA BOYKA,Базовый минимум,OUT,120,2026-10-04,4,83
Justin Bieber,Beauty and a Beat (feat. Nicki Minaj),OUT,121,2026-10-03,5,129
Nour el din mohammed,كائن تلاتيني,121,121,2026-10-09,3,
Doves,The Man Who Told Everything,123,122,2026-10-08,6,
Indila,Dernière Danse,164,122,2026-10-04,5,87
Shar-El,Ata Chai Bachalom,122,122,2026-10-09,2,
Tom Odell,Another Love,145,122,2026-10-05,6,165
Tamir Gal,שביל האושר,OUT,123,2026-10-04,2,168
Dorian,La Tormenta de Arena,193,124,2026-10-06,6,
Itay Levy,אין לי מקום אחר,128,124,2026-10-08,2,
Bjorn Bonebreaker,"Mama, Don't Close Your Eyes",125,125,2026-10-09,1,
Depeche Mode,Enjoy the Silence,OUT,125,2026-10-03,2,114
Family of the Year,Hero,126,126,2026-10-09,4,
Evanescence,Bring Me To Life,127,127,2026-10-09,1,181
Guy Gerber,Leave Me (Darco Remix),OUT,127,2026-10-03,6,125
Katy Perry,The One That Got Away,OUT,127,2026-10-05,6,147
بوده محمد,Mahragan Ana Etghert,144,127,2026-10-07,4,
Billie Eilish,WILDFLOWER,133,128,2026-10-08,3,
Lady Gaga,Judas,OUT,128,2026-10-03,5,53
Odeya,עשר רמות מעליו,OUT,129,2026-10-04,3,184
Eagles,Hotel California,165,130,2026-10-04,7,199
Itay Levy,שקרים יפים,153,130,2026-10-07,7,
Slash,Gotten (feat. Adam Levine),130,130,2026-10-09,2,
The Alan Parsons Project,Old And Wise,136,131,2026-10-08,4,
Tame Impala,Let It Happen,180,132,2026-10-05,6,149
Bad Bunny,Tití Me Preguntó,OUT,133,2026-10-03,5,99
sombr,back to friends,OUT,134,2026-10-03,2,127
SABI & MIA BOYKA,Базовый минимум (Slow Version),139,136,2026-10-07,7,130
ADÉLA,Ain't In LA,OUT,137,2026-10-05,4,141
Ninet Tayeb,רק שלא תיפול הרוח,137,137,2026-10-09,2,
Akcent,On And On (When the Lights Go Down),OUT,138,2026-10-03,1,72
Bruno Mars,Risk It All,OUT,138,2026-10-06,2,
Ravid Plotnik,שמש שזורחת עליי,OUT,138,2026-10-07,6,161
Snowy White,Bird of Paradise,138,138,2026-10-09,2,
LP,Lost on You,181,139,2026-10-06,4,
Shouse,Sunrise (Adam Ten Remix),OUT,139,2026-10-03,4,165
Assala,Assala,OUT,141,2026-10-03,2,87
Alyssa Grace,bloodstream,OUT,142,2026-10-03,4,91
Ninet Tayeb,לא לפחד כלל,OUT,142,2026-10-05,3,193
Peer Tasi,מה יהיה מחר,OUT,143,2026-10-06,4,
Gossaye Tesfaye,Yane Leje Eyalen,146,146,2026-10-09,1,
R.I.O.,Shine On,OUT,147,2026-10-04,2,85
Ariana Grande,Best Mistake (feat. Big Sean),149,149,2026-10-09,5,
Thekidszn,IMPULSIVE,150,150,2026-10-09,3,
Leon Bridges,Beyond,151,151,2026-10-09,1,
Omer Adam,ריו דה ז'נרו,OUT,151,2026-10-03,4,156
Hatikva 6,גיבורי על,176,152,2026-10-08,2,
RAYE & 070 Shake,Escapism.,152,152,2026-10-07,2,195
Tears for Fears,Everybody Wants To Rule The World,OUT,152,2026-10-03,3,141
The Avihu Pinhasov Rhythm Club,מצילה אותי,OUT,152,2026-10-04,2,131
"MoBlack, Wail Bouri & Emmanuel Jal",Beledna,OUT,153,2026-10-03,3,168
Tems,Me & U,OUT,153,2026-10-07,4,
Years Around the Sun,Miles Away (Acoustic Edit),158,153,2026-10-08,2,
Lewis Capaldi,Someone You Loved,154,154,2026-10-09,3,
Sister Nancy,Bam Bam,OUT,154,2026-10-03,4,153
The Idan Raichel Project & Shira Ben Simchon,דרישת שלום מחיים אחרים (מילי),155,155,2026-10-09,2,
Berry Sakharof,שיר חדש,OUT,156,2026-10-04,3,127
BLOK3 & Poizi,Çok Güzel Gülüyorsun,OUT,156,2026-10-03,4,108
Avraham Tal,הולך קדימה (מתוך הסרט בחורים טובים),OUT,157,2026-10-03,1,176
Eden Ben Zaken,רולקס וקסקט,162,157,2026-10-08,4,
Kansas,Dust In the Wind (feat. London Symphony Orchestra),157,157,2026-10-09,2,
Itay Levy,08,OUT,158,2026-10-03,3,173
GIMS,Est-ce que tu m'aimes ? (Pilule Bleue),OUT,159,2026-10-06,3,
The Game,Hate It Or Love It (feat. 50 Cent),OUT,159,2026-10-03,4,177
Tame Impala,Dracula,167,160,2026-10-07,3,154
עמית מן & Knesiyat Hasechel,"שום דבר לא יפגע בי (לזכרה של עמית מן זל)""",186,161,2026-10-08,2,
Jonas Blue & Malive,Edge of Desire,OUT,163,2026-10-04,3,179
Lana Del Rey,Young And Beautiful,OUT,163,2026-10-06,3,
LOVIXX & STOSLIV,dont tell your dreams to everybody,168,164,2026-10-06,7,194
Zaid Khaled & Ahmed Diaa,Khatem,188,165,2026-10-06,7,182
Ben Zur,אבא,173,166,2026-10-08,3,
Omri Smadar & Jenia Tarsol,Lose Your Soul (feat. Nona Choir),OUT,166,2026-10-05,4,198
Stephen Sanchez & Em Beihold,Until I Found You (Em Beihold Version),OUT,166,2026-10-03,1,158
Odeya,נמשכת לעצמי,OUT,168,2026-10-03,4,148
Ariana Grande,hate that i made you love me,OUT,169,2026-10-03,2,131
Itay Levy,בשעות הבודדות,OUT,171,2026-10-08,4,
Robin S.,Show Me Love,OUT,171,2026-10-03,2,167
Saint Levant & Mohammed Assaf,MASKARA / مسكرة,OUT,171,2026-10-06,3,
BLOK3,Kayıp Kalp,172,172,2026-10-09,2,
Complete Snake,SPEAK TO YOU IN TEN YEARS,182,172,2026-10-08,2,
Electric Light Orchestra,Last Train to London,OUT,173,2026-10-04,2,170
Olivia Rodrigo,stupid song,195,173,2026-10-05,5,168
מאור אדרי & נאור אדרי,אהבה גדולה,OUT,173,2026-10-03,1,
"Eyal Golan, Nadav Hanzis, יגל אושרי & Rotem Chen",תניח את המדים (מתוך פרויקט מנגינת הנצח) [feat. ליאם גולן & יובל מזרחי],174,174,2026-10-09,2,
LP,Other People,OUT,175,2026-10-05,1,
Oasis,Don't Look Back In Anger,OUT,176,2026-10-05,2,
Ishay Ribo,דרך העושים מאהבה (feat. Zusha),OUT,178,2026-10-03,1,145
Aerosmith,Dream On,OUT,179,2026-10-06,2,
Billy Idol,Eyes Without A Face,OUT,179,2026-10-07,2,
Jevetta Steele,Calling You,179,179,2026-10-09,2,
ניר כנען,אוי ואבוי לי,OUT,179,2026-10-03,1,89
Ben Zur,אישתי,OUT,180,2026-10-07,1,
Shuli Rand,לב לבן,OUT,180,2026-10-03,2,185
Sasson Efram Shaulov & Roei Adam,אבי הטחול (מנורה לייב),OUT,181,2026-10-03,4,153
The Neighbourhood,Sweater Weather,OUT,181,2026-10-04,2,195
Shlomi Shabat,דרישת שלום,183,183,2026-10-09,2,
Steve Miller Band,Serenade,184,184,2026-10-09,1,
Taylor Swift,Patient Zero,OUT,184,2026-10-07,3,
Billy Joel,Honesty,185,185,2026-10-09,3,
Omer Adam,בן 32,OUT,185,2026-10-03,1,
Iliass,Dauwag (feat. 3robi),OUT,186,2026-10-03,2,104
Lucenzo,Danza Kuduro (feat. Don Omar),OUT,187,2026-10-03,1,181
Michel Fugain & Le Big Bazar,Une belle histoire,OUT,187,2026-10-07,1,
Alphaville,Forever Young,OUT,188,2026-10-03,1,191
RÜFÜS DU SOL,Innerbloom,OUT,188,2026-10-05,3,185
Carla Morrison,Disfruto,OUT,189,2026-10-07,2,
Ron Hayun,אחת ממיליון,OUT,189,2026-10-03,1,190
Gotye,Somebody That I Used to Know (feat. Kimbra),190,190,2026-10-09,1,140
Sarah Brightman,Por Ti Volaré (Time To Say Goodbye - Spanish Version),OUT,190,2026-10-07,1,
The Stranglers,Golden Brown,OUT,191,2026-10-07,1,
Yuval Raphael,New Day Will Rise,191,191,2026-10-09,1,
Hozier,Movement,192,192,2026-10-09,1,
Yetziat Cherum,קחי לך זמן,OUT,192,2026-10-08,1,
Natasha Bedingfield,Unwritten,194,194,2026-10-09,1,
Basta Lion,Make Money,OUT,195,2026-10-06,2,
The Second Voice,LET ME BE,OUT,195,2026-10-03,1,195
Cutting Crew,(I Just) Died In Your Arms,OUT,196,2026-10-05,2,
El De Las R's & Yng Lvcas,La Cheyenne (Remix),OUT,197,2026-10-04,1,163
Maya Dadon,הלב תמיד זוכר & אתה לא ראוי & שלום חבר (READING 3 TLV LIVE),OUT,197,2026-10-03,1,
Omer Adam & Jasmin Moallem,יהיה טוב & מים שקופים,197,197,2026-10-09,1,
Jake Bugg,Broken (Remastered 2022 / Rick Rubin Version),199,198,2026-10-08,2,
M83,Outro,OUT,198,2026-10-07,1,
Miguel,Sure Thing,OUT,199,2026-10-06,1,
PIXY,LEGACY,OUT,199,2026-10-03,1,100
CamelPhat & Volkoder,Unique Moment,OUT,200,2026-10-03,1,183
Sasson Efram Shaulov,נווה הדרים,OUT,200,2026-10-04,1,105
